{
  "src": [
    "drums.webm",
    "drums.mp3"
  ],
  "sprite": {
    "china": [
      0,
      2229.229024943311
    ],
    "clap": [
      4000,
      360.5668934240365
    ],
    "closed-hh": [
      6000,
      52.789115646258544
    ],
    "kick": [
      8000,
      701.6326530612247
    ],
    "open_hh": [
      10000,
      597.5510204081634
    ],
    "snare": [
      12000,
      92.69841269841272
    ]
  }
}