{
  "src": [
    "guitarra.webm",
    "guitarra.mp3"
  ],
  "sprite": {
    "guitarraAm": [
      0,
      3194.784580498866
    ],
    "guitarraC": [
      5000,
      3458.072562358277
    ],
    "guitarraF": [
      10000,
      3270.861678004536
    ],
    "guitarraG": [
      15000,
      3547.936507936509
    ]
  }
}