{
  "src": [
    "bajo.webm",
    "bajo.mp3"
  ],
  "sprite": {
    "bajoAm": [
      0,
      2259.909297052154
    ],
    "bajoC": [
      4000,
      2536.4625850340135
    ],
    "bajoF": [
      8000,
      2337.5283446712024
    ],
    "bajoG": [
      12000,
      2615.056689342403
    ]
  }
}