{
  "src": [
    "piano.webm",
    "piano.mp3"
  ],
  "sprite": {
    "pianoAm": [
      0,
      3956.2585034013605
    ],
    "pianoC": [
      5000,
      3654.6712018140593
    ],
    "pianoF": [
      10000,
      4145.850340136054
    ],
    "pianoG": [
      16000,
      3908.8662131519277
    ]
  }
}